Priority,Profile URL,Platform,Login Username,Current Password,Audit Verdict,Quality Rating,URL Status,Password Reset Status
1,https://github.com/kubenestsustainabilityplatform,GitHub,info.kubenest.com.au@gmail.com,ERFDGD@5678$kjhgg,KEEP - publish content,Good - developer platform,LIVE,[ ] TODO
2,https://medium.com/@info.kubenest.com.au,Medium,info.kubenest.com.au@gmail.com,ERFDGD@5678$kjhgg,KEEP - publish content,Good - high DA blogging platform,LIVE (403 = bot block),[ ] TODO
3,https://dev.to/kubenest,dev.to,info.kubenest.com.au@gmail.com,ERFDGD@5678$kjhgg,KEEP - publish content,Good - tech relevant,LIVE,[ ] TODO
4,https://www.slideshare.net/infokubenestcomau,SlideShare,info.kubenest.com.au@gmail.com,ERFDGD@5678$kjhgg,KEEP - publish content,Good - high DA nofollow but visibility,LIVE,[ ] TODO
5,https://www.producthunt.com/@kubenest,Product Hunt,info.kubenest.com.au@gmail.com,,KEEP - get reviews,Good - product discovery platform,LIVE (403 = bot block),[ ] TODO
6,https://www.reddit.com/user/kubenest/,Reddit,info.kubenest.com.au@gmail.com,ERFDGD@5678$kjhgg,KEEP - post updates,Medium - nofollow but great for visibility,LIVE (403 = bot block),[ ] TODO
7,https://mastodon.social/@kubenest,Mastodon,info.kubenest.com.au@gmail.com,ERFDGD@5678$kjhgg,KEEP - post updates,Medium - decentralised social,LIVE,[ ] TODO
8,https://about.me/kubenest,About.me,info.kubenest.com.au@gmail.com,ERFDGD@5678$kjhgg,KEEP - update bio,Medium - personal branding,LIVE,[ ] TODO
9,https://www.quora.com/,Quora,info.kubenest.com.au@gmail.com,ERFDGD@5678$kjhgg,Keep - answer questions,Medium - nofollow but high authority,LIVE (403 = bot block),[ ] TODO
10,https://www.owler.com/company/kubenest,Owler,info.kubenest.com.au@gmail.com,ERFDGD@5678$kjhgg,Keep,Medium - company data,LIVE (503 = temp issue),[ ] TODO
11,https://www.callupcontact.com/b/businessprofile/KubeNest_Allinone_Sustainability_Data_Management_Platform/9892402,CallUpContact,info.kubenest.com.au@gmail.com,,Keep,Medium - business directory,LIVE,[ ] TODO
12,https://www.bizmaker.org/hamilton/business-services/kubenest-all-in-one-sustainability-data-management-platform,BizMaker,info.kubenest.com.au@gmail.com,ERFDGD@5678$kjhgg,Keep,Medium - business directory,LIVE (403 = bot block),[ ] TODO
13,https://1businessworld.com/pro/kubenestsustainabilityplatform/,1BusinessWorld,info.kubenest.com.au@gmail.com,ERFDGD@5678$kjhgg,Keep,Medium - business directory,LIVE (403 = bot block),[ ] TODO
14,https://startupxplore.com/en/accelerators/kubenest,StartupXplore,info.kubenest.com.au@gmail.com,ERFDGD@5678$kjhgg,Keep,Medium - startup directory,LIVE,[ ] TODO
15,https://www.choice.directory/software/kubenest-all-in-one-sustainability-data-management-platform,Choice Directory,info.kubenest.com.au@gmail.com,ERFDGD@5678$kjhgg,Keep,Medium - software directory,LIVE,[ ] TODO
16,https://startup-seeker.com/company/kubenest~com~au,Startup Seeker,info.kubenest.com.au@gmail.com,ERFDGD@5678$kjhgg,Keep,Medium - startup directory,LIVE (429 = rate limited),[ ] TODO
17,https://gravatar.com/delicatelypink53c529dcdd,Gravatar,info.kubenest.com.au@gmail.com,,Keep - update bio,Low - generic profile,LIVE,[ ] TODO
18,https://taplink.cc/kubenest,TapLink,info.kubenest.com.au@gmail.com,ERFDGD@5678$kjhgg,Keep - update bio,Low - link-in-bio tool,LIVE,[ ] TODO
19,https://campsite.bio/kubenestsustainabilitysoftware,Campsite.bio,info.kubenest.com.au@gmail.com,ERFDGD@5678$kjhgg,Keep - update bio,Low - link-in-bio tool,DEAD (404),[ ] SKIP
20,https://able2know.org/user/kubenestplatform/,Able2Know,info.kubenest.com.au@gmail.com,ERFDGD@5678$kjhgg,Keep,Low - forum,LIVE,[ ] TODO
21,https://zenwriting.net/kubenestsustainabilityplatform/kubenest-all-in-one-sustainability-data-management-platform,ZenWriting,info.kubenest.com.au@gmail.com,ERFDGD@5678$kjhgg,Keep,Low - blog platform,DEAD (404),[ ] SKIP
22,https://matters.town/a/p29zkasmm8ya,Matters.town,info.kubenest.com.au@gmail.com,ERFDGD@5678$kjhgg,Keep,Low - social platform,LIVE,[ ] TODO
23,https://www.instapaper.com/read/1940277961,Instapaper,info.kubenest.com.au@gmail.com,ERFDGD@5678$kjhgg,Keep,Low - bookmarking,LIVE,[ ] TODO
24,https://potofu.me/kubenestplatform,Potofu,info.kubenest.com.au@gmail.com,ERFDGD@5678$kjhgg,Keep - update bio,Low - link-in-bio,LIVE,[ ] TODO
25,https://heylink.me/kubenest/,HeyLink,info.kubenest.com.au@gmail.com,ERFDGD@5678$kjhgg,Keep - update bio,Low - link-in-bio,LIVE (403 = bot block),[ ] TODO
26,https://zez.am/kubenestsustainabilityplatform,Zez.am,info.kubenest.com.au@gmail.com,ERFDGD@5678$kjhgg,Keep - update bio,Low - link-in-bio,LIVE,[ ] TODO
27,https://direct.me/kubenest,Direct.me,info.kubenest.com.au@gmail.com,ERFDGD@5678$kjhgg,Keep - update bio,Low - link-in-bio,LIVE (403 = bot block),[ ] TODO
28,https://paper.wf/kubenest/,Paper.wf,info.kubenest.com.au@gmail.com,ERFDGD@5678$kjhgg,Keep,Low - blog platform,LIVE,[ ] TODO
29,https://www.pearltrees.com/kubenest,Pearltrees,info.kubenest.com.au@gmail.com,ERFDGD@5678$kjhgg,Keep,Low - content curation,LIVE,[ ] TODO
30,https://rentry.co/9eoxa2iq,Rentry,info.kubenest.com.au@gmail.com,ERFDGD@5678$kjhgg,Keep,Low - pastebin-type,LIVE,[ ] TODO
31,https://igli.me/kubenest,Igli.me,info.kubenest.com.au@gmail.com,ERFDGD@5678$kjhgg,Keep - update bio,Low - link-in-bio,LIVE,[ ] TODO
32,https://wakelet.com/@KubeNest17516,Wakelet,info.kubenest.com.au@gmail.com,ERFDGD@5678$kjhgg,Keep,Low - content curation,LIVE,[ ] TODO
33,https://justpaste.it/u/KubeNest,JustPaste.it,info.kubenest.com.au@gmail.com,ERFDGD@5678$kjhgg,Keep,Low - bookmarking,LIVE (503 = temp issue),[ ] TODO
34,https://kubenest.carrd.co/,Carrd,info.kubenest.com.au@gmail.com,ERFDGD@5678$kjhgg,Keep,Low - landing page tool,LIVE,[ ] TODO
35,https://xdaforums.com/m/kubenest.13314055/#about,XDA Forums,info.kubenest.com.au@gmail.com,ERFDGD@5678$kjhgg,Keep,Low - tech forum,LIVE (403 = bot block),[ ] TODO
36,https://www.clippings.me/kubenest,Clippings.me,info.kubenest.com.au@gmail.com,ERFDGD@5678$kjhgg,Keep,Low - journalist portfolio,LIVE (403 = bot block),[ ] TODO
37,https://www.checkli.com/kubenest,Checkli,info.kubenest.com.au@gmail.com,ERFDGD@5678$kjhgg,Keep,Low - checklist tool,LIVE,[ ] TODO
38,https://www.ted.com/profiles/50714724,TED,info.kubenest.com.au@gmail.com,ERFDGD@5678$kjhgg,Keep but low value,Low - nofollow,LIVE,[ ] TODO
39,https://pinshape.com/users/8887158-kubenest,Pinshape,info.kubenest.com.au@gmail.com,B57FiwvkeT82%,Irrelevant (but change pwd),Poor - 3D printing,LIVE,[ ] TODO
